[{"blackWhite":false,"mute":false,"language":"eng","avatar":3,"shootKey":"Space","difficulty":3,"ballsNum":8,"score":1224,"password":"Usef@1382","freezeKey":"Tab","playTime":0,"weightedScore":1202,"map":1,"email":"usefsadidi@gmail.com","username":"yousef"},{"blackWhite":false,"mute":false,"language":"eng","avatar":3,"shootKey":"Space","difficulty":1,"ballsNum":12,"score":339,"password":"Yalda@1390","freezeKey":"Tab","playTime":0,"weightedScore":382,"map":2,"email":"yaldasadidi@gmail.com","username":"yalda"}]